{
  "type": "ItemTurret",
  "name": "duo2011",
  "description": "splity missiles.",
  "targetAir": true,
  "targetGround": true,
  "shots": 1,
  "reloadTime": 20,
  "spread": 1,
  "recoilAmount": 0,
  "inaccuracy": 0,
  "size": 1,
  "health": 1000,
  "shootCone": 10,
  "rotateSpeed": 10,
  "range": 293,
  "ammoTypes":{
    "copper": {
  "type":"missileBulletType",
  "damage":10,
  "speed":5,
"drag":0.005,
"homingPower":100
"homingRange":500
  "lifetime": 300,
"fragBullets":2,
"fragBullet":{
"type":"missileBulletType",
  "damage":10,
  "speed":5,
"drag":0.01,
"homingPower":100
"homingRange":500
  "lifetime": 300,
"fragBullets":1,
"fragBullet":{
"type":"missileBulletType",
  "damage":10,
  "speed":5,
"drag":0.01,
"homingPower":100
"homingRange":500
  "lifetime": 300,
"fragBullets":4,
"fragBullet":{
"type":"missileBulletType",
  "damage":10,
  "speed":5,
"drag":0.01,
"homingPower":100
"homingRange":500
  "lifetime": 300,
"fragBullets":1,
"fragBullet":{
"type":"missileBulletType",
  "damage":10,
  "speed":5,
  "lifetime": 300,
"drag":0.01,
"homingPower":100
"homingRange":500
"fragBullets":5,
"fragBullet":{
"type":"missileBulletType",
  "damage":10,
  "speed":5,
  "lifetime": 300,
"drag":0.01,
"homingPower":100
"homingRange":500
"fragBullets":6,
"fragBullet":{
"type":"missileBulletType",
  "damage":10,
  "speed":5,
  "lifetime": 300,
"drag":0.01,
"homingPower":100
"homingRange":500
"fragBullets":1,
"fragBullet":{
"type":"missileBulletType",
  "damage":10,
  "speed":5,
  "lifetime": 300,
"drag":0.01,
"homingPower":100
"homingRange":500
"fragBullets":8,
"fragBullet":{
"type":"missileBulletType",
  "damage":10,
  "speed":5,
  "lifetime": 300,
"drag":0.01,
"homingPower":100
"homingRange":500
"fragBullets":1,
"fragBullet":{
"type":"missileBulletType",
  "damage":10,
  "speed":5,
  "lifetime": 300,
"drag":0.01,
"homingPower":100
"homingRange":500
"fragBullets":10,
"fragBullet":{
"type":"missileBulletType",
  "damage":10,
  "speed":5,
  "lifetime": 300,
"drag":0.01,
"homingPower":100
"homingRange":500
},
},
},
},
},
},
},
},
},
},
},
}
  "category": "turret",
  "shootSound": "explosion",
  "research": "duo",
  "requirements": [
{
      "item": "copper",
      "amount": 50
   }
  ]
}
