{
  "type": "ItemTurret",
  "name": "duo2007",
  "description": "dose not work don't waste your resources",
  "targetAir": true,
  "targetGround": true,
  "shots": 20,
  "size": 1,
  "health": 1000,
  "rotateSpeed": 10,
  "range": 293,
  "ammoTypes":{
    "copper": {
  "type":"LaserBulletType",
  "damage":10,
"speed":0.00000001
"lifetime":100
"length":1000
"despawnEffect":none,
  },
}
  "category": "turret",
  "shootSound": "explosion",
  "research": "duo",
  "requirements": [
{
      "item": "copper",
      "amount": 50
   }
  ]
}
