{
  "type": "ItemTurret",
  "name": "duo2006",
  "description": "makes an energy wall",
  "targetAir": true,
  "targetGround": true,
  "shots": 90,
  "reloadTime": 20,
  "spread": 1,
  "recoilAmount": 0,
  "inaccuracy": 0,
  "size": 1,
  "health": 1000,
  "shootCone": 90,
  "rotateSpeed": 10,
  "range": 293,
  "ammoTypes":{
    "copper": {
  "type":"ContinuousLaserBulletType",
  "damage":10,
  "speed":5,
  "lifetime": 1000,
"length":10,
"drag":0.02
  },
}
  "category": "turret",
  "shootSound": "explosion",
  "research": "duo",
  "requirements": [
{
      "item": "copper",
      "amount": 50
   }
  ]
}
