{
  "type": "ItemTurret",
  "name": "duo2008",
  "description": "Don't place too many or it might become laggy.",
  "targetAir": true,
  "targetGround": true,
  "shots": 20,
  "reloadTime": 20,
  "spread": 0,
  "recoilAmount": 0,
  "inaccuracy": 0,
  "size": 1,
  "health": 1000,
  "shootCone": 1,
  "rotateSpeed": 10,
  "range": 293,
  "ammoTypes":{
    "copper": {
  "type":"ContinuousBulletType",
  "damage":500,
"pierce":true
  "speed":5,
  "lifetime": 10000,
"homingPower":1
"homingRange":5000
  },
}
  "category": "turret",
  "shootSound": "explosion",
  "research": "duo",
  "requirements": [
{
      "item": "copper",
      "amount": 50
   }
  ]
}
