{
  "type": "ItemTurret",
  "name": "duo2009",
  "description": "missle fild with slag nano bots.",
  "targetAir": true,
  "targetGround": true,
  "shots": 10,
  "reloadTime": 20,
  "spread": 0,
  "recoilAmount": 0,
  "inaccuracy": 0,
  "size": 1,
  "health": 1000,
  "shootCone": 1,
  "rotateSpeed": 10,
  "range": 293,
  "ammoTypes":{
    "copper": {
  "type":"missileBulletType",
  "damage":10,
  "speed":5,
  "lifetime": 1000,
  "drag":0.01
"fragBullets":1
"fragBullet":{
  "type":"liquidBulletType",
"liquid":"slag",
"speed":10,
"intensity":400,
"damage":10,
"lifetime":5000,
 "puddleSize": 60000,
 "orbSize": 0.01,
"homingPower":100,
"homingRange":100,
},
  },
}
  "category": "turret",
  "shootSound": "explosion",
  "research": "duo",
  "requirements": [
{
      "item": "copper",
      "amount": 50
   }
  ]
}
