{
  "type": "ItemTurret",
  "name": "duo2010",
  "description": "missles that split into lazers.",
  "targetAir": true,
  "targetGround": true,
  "shots": 10,
  "reloadTime": 20,
  "spread": 1,
  "recoilAmount": 0,
  "inaccuracy": 0,
  "size": 1,
  "health": 1000,
  "shootCone": 1,
  "rotateSpeed": 10,
  "range": 293,
  "ammoTypes":{
    "copper": {
  "type":"missileBulletType",
  "damage":10,
  "speed":5,
  "lifetime": 1000,
  "drag":0.005
"fragBullets":10
"fragBullet":{
  "type":"ContinuousLaserBulletType",
"damage":10,
  "speed":10,
  "lifetime": 1000,
"length":50,
"drag":0.01

},
  },
}
  "category": "turret",
  "shootSound": "explosion",
  "research": "duo",
  "requirements": [
{
      "item": "copper",
      "amount": 50
   }
  ]
}
